{"_timestamp":1.7467191708835206e+09,"_runtime":120.2922881,"_step":9,"_wandb":{"runtime":120},"epoch":9,"loss":0.1836720279284886}