{"_step":99,"_wandb":{"runtime":999},"epoch":99,"loss":0.18558678243841445,"_timestamp":1.7467207906547377e+09,"_runtime":998.9016868}