{"_runtime":434.1755731,"_step":8,"epoch":8,"_wandb":{"runtime":475},"loss":0.18861638837390476,"_timestamp":1.7467216201606998e+09}